metric,score
precision,0.9841269841269841
recall,0.9841269841269841
f1,0.9841269841269841
roc_auc,0.9969969969969971
