metric,score
precision,0.9823943661971831
recall,0.9755244755244755
f1,0.9789473684210527
roc_auc,0.9966875230033124
